{
  "model_name": "knn_combined",
  "all": {
    "accuracy": 0.9375,
    "precision": 0.9333333333333333,
    "recall": 1.0,
    "f1": 0.9655172413793104,
    "corr": 0.5374140954190727
  },
  "val": {
    "accuracy": 0.8333333333333334,
    "precision": 0.8333333333333334,
    "recall": 1.0,
    "f1": 0.9090909090909091,
    "corr": 0.7277174517065401
  },
  "train_indices": [
    11,
    13,
    2,
    14,
    7,
    10,
    4,
    3,
    15,
    0
  ],
  "val_indices": [
    6,
    9,
    12,
    5,
    8,
    1
  ]
}