{
  "model_name": "LateFusion_Combined",
  "best_f1": 0.888888888888889,
  "best_epoch": 17,
  "final_train_loss": 0.1817988246679306,
  "final_val_loss": 0.1444432114561399,
  "final_train_f1": 0.6153846153846153,
  "final_val_f1": 0.33333333333333337,
  "total_epochs_trained": 32,
  "train_indices": [
    11,
    13,
    2,
    14,
    7,
    10,
    4,
    3,
    15,
    0
  ],
  "val_indices": [
    6,
    9,
    12,
    5,
    8,
    1
  ]
}