{
  "model_name": "logisticregression_combined",
  "all": {
    "accuracy": 1.0,
    "precision": 1.0,
    "recall": 1.0,
    "f1": 1.0,
    "corr": 0.6651659177429259
  },
  "val": {
    "accuracy": 1.0,
    "precision": 1.0,
    "recall": 1.0,
    "f1": 1.0,
    "corr": 0.7655310917600201
  },
  "train_indices": [
    11,
    13,
    2,
    14,
    7,
    10,
    4,
    3,
    15,
    0
  ],
  "val_indices": [
    6,
    9,
    12,
    5,
    8,
    1
  ]
}