{
  "model_name": "RobustBaseline_Combined",
  "best_f1": 1.0,
  "best_epoch": 11,
  "final_train_loss": 0.2192363828420639,
  "final_val_loss": 0.18812346955140433,
  "final_train_f1": 0.8,
  "final_val_f1": 0.9090909090909091,
  "total_epochs_trained": 26,
  "train_indices": [
    11,
    13,
    2,
    14,
    7,
    10,
    4,
    3,
    15,
    0
  ],
  "val_indices": [
    6,
    9,
    12,
    5,
    8,
    1
  ]
}