{
  "model_name": "SimpleCNN_Sentinel1",
  "best_f1": 0.9090909090909091,
  "best_epoch": 1,
  "final_train_loss": 0.14608218669891357,
  "final_val_loss": 0.13863731175661087,
  "final_train_f1": 0.3636363636363636,
  "final_val_f1": 0.888888888888889,
  "total_epochs_trained": 16,
  "train_indices": [
    11,
    13,
    2,
    14,
    7,
    10,
    4,
    3,
    15,
    0
  ],
  "val_indices": [
    6,
    9,
    12,
    5,
    8,
    1
  ]
}