{
  "model_name": "SimpleCNN_Sentinel2",
  "best_f1": 1.0,
  "best_epoch": 6,
  "final_train_loss": 0.1373250290751457,
  "final_val_loss": 0.12042945499221484,
  "final_train_f1": 0.5,
  "final_val_f1": 0.7499999999999999,
  "total_epochs_trained": 21,
  "train_indices": [
    11,
    13,
    2,
    14,
    7,
    10,
    4,
    3,
    15,
    0
  ],
  "val_indices": [
    6,
    9,
    12,
    5,
    8,
    1
  ]
}